Идентификатор,Код станции,Наименование станции,Признак станции,Условные обозначения проводимых коммерческих операций
1,710507,Нурлы жол,10,П Г
2,660613,Разъезд 174 км,20,О
3,661103,Макат,11,"П 1,3,4,9"
4,662002,Дины Нурпеисовой (рзд) (эксп.),11,
5,662411,Ост. пункт 40 км ПК 6,20,Х
6,662801,Бейнеу,11,"П 1,3"
7,662905,Оазис (рзд) (эксп.),11,Х
8,663306,Мангистау,11,"П 1,2,3,5,8,8н,9,10н"
9,663503,Актау-Порт,11,"1,3,5,8"
10,663607,Каракия,10,"Б 1,3"
11,663700,Жетыбай,10,"Б 1,3"
12,663908,Жанаозен,10,"П 1,2,3,5,9"
13,663912,Бастау (рзд),10,О
14,663927,Акбобек (рзд),10,О
15,664506,Бопай,10,Б 1
16,664510,Тайгыр (рзд),10,О
17,664525,Курмаш (рзд),10,О
18,664533,Бестортколь (рзд),10,О
19,664600,Болашак,10,Б 1
20,664703,Болашак (эксп.),11,
21,664900,Семиглавый Мар (эксп.),11,
22,665000,Семиглавый Мар,10,"Б 1,3,4"
23,665015,Ост. пункт 1177 км,20,Х
24,665053,Вавилино,10,Б
25,665104,Таскала,10,"Б 1,2,3,4,8н,9,10н"
26,665119,Родники (рзд),10,О
27,665123,Ост. пункт 1228 км,20,Х
28,665208,Деркул,10,"Б 1,3"
29,665301,Переметная,10,"Б 1,3,4,8н,9,10н"
30,665316,Ост. пункт 1257 км,20,Х
31,665405,Белес (рзд),10,"Б 1,3,4,8н,10н"
32,667909,Кардон,10,О 3
33,665509,Орал-Товарная,10,О 3
34,665602,Орал,10,"П 1,3,4,8н,10н"
35,665903,Кудыксай (рзд),10,О 3
36,666003,Жилаево,10,"О 1,2,3,5,8,8н,9,10н"
37,666107,Пойма,10,"Б 3,8н,10н"
38,666111,Колузаново (рзд),10,О
39,666200,Жайык,10,"Б 1,3,9"
40,666215,Ост. пункт 1338 км,20,О
41,666220,Таксай (рзд),10,О
42,666304,Алгабас,10,"Б 1,3"
43,660007,Кандыагаш,11,"П 1,3,4"
44,670121,Кумсагыз,20,О
45,670136,Кунту,10,О
46,670140,Ширганак,20,О
47,670206,Шомиш,10,Б 3
48,670309,Арал Тенизи,10,"П 1,2,3,4,5,8н,9,10н"
49,670314,Ост. пункт 2378 км ПК 7,20,О
50,670329,Ост. пункт 2387 км,20,О
51,670333,Сапак,10,О
52,670352,Аралкум,10,Б
53,670371,Сарбеткей,20,О
54,670403,Камыстыбас,10,Б 3
55,670418,Укилисай,20,О
56,670437,Бекбауыл,10,Б
57,670507,Казалы,10,"П 1,2,3,4,9"
58,670511,Уинди (рзд),10,О
59,670526,Кобек,10,О
60,670530,Майлыбас,10,О
61,670545,Енбекшиказах (рзд),10,О
62,670579,Бостандык (рзд),10,О
63,670583,Акжар (рзд),10,О
64,670600,Торетам,10,"П 1,2,3,4,5,6,8,8н,9,10н"
65,670615,Дирментобе,10,О
66,670634,Коркыт,10,О
67,670704,Ордазы (рзд),10,О 3
68,670808,Байкожа,10,О 3
69,670901,Жосалы,10,"Б 1,2,3,4,9"
70,670916,Анаколь (рзд),10,О
71,670920,Абыла,20,О
72,670935,Кызылтам,10,О
73,670954,Каракеткен,10,О
74,670973,Караирим (рзд),10,О
75,671406,Жалагаш,10,"Б 1,3,4,9"
76,671504,Теренозек,10,"Б 1,3,4"
77,671529,Айтек,20,О
78,671533,Караозек,10,О
79,671707,Кызылорда,10,"П 1,2,3,4,5,8,8н,9,10н,11н"
80,671800,Белкол,10,"О 3,8н,10н"
81,671823,Бирказан,10,О
82,671834,Разъезд № 14,10,О
83,671849,Керкелмес (рзд),10,О
84,671904,Сулутобе,10,О 3
85,671919,Разъезд № 16,10,О
86,671923,Майлытогай (рзд),10,О
87,672004,Тартогай,10,"О 1,3,4"
88,672019,Бактысай (рзд),10,О
89,672108,Байгакум,10,"О 1,3,4"
90,672112,Разъезд № 20,10,О
91,672201,Шиели,10,"П 1,2,3,4,8н,9,10н"
92,672216,Акмая (рзд),10,О
93,672220,Екпинди (рзд),10,О
94,672305,Жетитобе,10,"О 3,8н,10н"
95,672409,Томенарык,10,Б 3
96,672413,Боритескен (рзд),10,О
97,672428,Жайылма (рзд),10,О
98,672502,Жанакорган,10,"Б 1,3,4,9"
99,672521,Боройнак (рзд),10,О
100,672536,Аккум,10,О
101,672606,Талап,10,О 3
102,672700,Бесарык,10,О 3
103,672729,Ост. пункт 3067 км ПК 5,20,О
104,672733,Сауран,10,О
105,672803,Шорнак,10,О 3
106,673007,Караганда-Сортировочная,11,"Б 1,3"
107,673124,Паровозное Депо,20,О
108,673149,Обг. пункт 713 км,10,О
109,673204,Нура,10,"Б 1,3"
110,673219,Первое Мая,20,О
111,673223,Кокпекты,10,Б
112,673308,Мырза,10,Б 3
113,673401,Шокай,10,"Б 1,3"
114,673416,Актау,20,О
115,673420,Астаховка,20,О
116,673505,Актасты,10,Б 3
117,673609,Сарыбел,10,"Б 1,3"
118,673702,Жана Караганды,10,"Б 3,8н,10н"
119,673806,Майкудык,10,"О 3,8н,10н"
120,673905,Караганды,11,"П 1,2,3,5,8,8н,9,10н"
121,674000,Караганда-Угольная,10,О 3
122,674103,Жанааул,10,"О 3,6,8н,10н"
123,674122,Аккудык,10,О
124,674141,Соцгородок,20,О
125,674207,Тегисжол,10,3
126,674300,Темиртау,10,"П 1,3"
127,674404,Углерудная,10,3
128,674508,Сокыр,10,"3,8н,10н"
129,674601,Пост № 5,10,3
130,674705,Ботакара,10,3
131,674902,Ащысу,10,"1,3"
132,675002,Буркитты,10,"О 1,3,8н,10н"
133,675125,Ортас (пп),10,О
134,675206,Карагайлы,10,"Б 1,3"
135,675303,Караганозек,10,О 3
136,675407,Карабас,10,Б 3
137,675411,Чурбай-Нура,20,О
138,675500,Топар,10,О 3
139,675708,Кулайгыр,10,Б 3
140,675731,Бурма,20,О
141,675801,Карамурын,10,О 3
142,675905,Жарык,11,"Б 1,2,3,9"
143,666319,Ост. пункт 1370 км,20,Х
144,666323,Ангаты (рзд),10,О
145,666338,Гугня (рзд),10,О
146,666342,Пепел (рзд),10,О
147,666408,Казахстан,10,"П 1,2,3,8н,9,10н"
148,666412,Жаркий (рзд),10,О
149,666427,Сулусай (рзд),10,О
150,666501,Илецк I (эксп.),11,
151,666605,Амангельды,10,"Б 1,3"
152,666624,Тузово,10,О
153,666639,Ост. пункт 1473 км,20,О
154,666709,Шынгырлау,10,"Б 1,2,3,9"
155,666713,Уютный (рзд),10,Б
156,666732,Базырово (рзд),10,Б
157,666802,Цвилинга,10,"Б 1,3"
158,666821,Денной (рзд),10,О
159,666906,Илецк I,10,"П 1,2,3,4,5,9"
160,690708,Косшокы,10,"О 3,7"
161,667928,Жангиз-Агач,20,О
162,668009,Сарысай (рзд),10,О 3
163,668206,Хромтау,10,Б 1
164,668600,Никельтау,11,Б 1
165,668704,Дон,10,"Б 1,2,3,6,8н,9,10н"
166,668901,Аккудык,10,"О 1,3"
167,668916,Жоса (рзд),10,О
168,668935,Уйтас (рзд),10,О
169,669105,Айтеке Би,10,"Б 1,3"
170,669209,Кемпирсай,10,О 3
171,669410,Красномадьярский,20,О
172,669745,Ост. пункт № 64,20,Х
173,669815,Ост. пункт № 65,20,Х
174,669826,Кок-Бек,20,О
175,669849,Буйректобе,20,О
176,669904,Шалкар,11,"П 1,2,3,4,9"
177,669923,Копотай,20,О
178,669957,Кособа,20,Х
179,669980,Шенды,20,Х
180,670028,Чагар,20,О
181,670066,Заря Востока,20,Х
182,670085,Сарыулек,20,О
183,670102,Сексеул,11,"П 1,3,4"
184,670117,Ост. пункт 2329 км,20,О
185,683418,Талдыколь (рзд),10,О
186,683507,Перелески,10,Б 3
187,683600,Денисовка,10,"Б 1,3,8н,10н"
188,683687,Ост. пункт 466 км,20,О
189,683808,Житикара,10,"П 1,2,3,8н,9,10н"
190,683901,Железорудная,10,"П 3,8н,10н"
191,683916,Темирбулак,10,О
192,684001,Костанай,11,"П 3,5,6,8,8н,9,10н"
193,684054,Танабаевский,20,Х
194,684116,Теренсай (рзд),10,О
195,684317,Нурдала,10,Х
196,684213,Майкульская,20,О
197,684228,Кызылсай (рзд),10,О
198,684302,Озерная,10,"О 1,3,4"
199,684406,Успеновка,10,"О 3,8н,10н"
200,684501,Разъезд 219 км,10,Х
201,684603,Джаркуль,10,"П 1,3,4,8н,10н"
202,684707,Пешковский Тупик,10,"О 3,8н,10н"
203,684800,Тогузак,10,"П 1,3,4,8н,10н"
204,684815,Селекционная,10,Б
205,684904,Карабалык,10,О 3
206,685004,Щебзавод,10,3
207,685108,Медет,10,О 3
208,685112,Ост. пункт 138 км,20,Х
209,685201,Каерак,10,Б 3
210,685311,Жанасу,20,О
211,684529,Ост. пункт 199 км ПК 10,20,О
212,685707,Жана-Есиль,11,"Б 3,8н,10н"
213,685803,Зерновая (эксп.),11,
214,686517,Шукуркуль,20,О
215,687008,Кокшетау I,11,"П 3,5,8,8н,10н"
216,687118,Трофимовка,20,О
217,687739,Шагылы,20,О
218,687921,Шаховский,20,О
219,688708,Петропавловск (эксп.),11,
220,688905,Шолаксай ,10,О 3
221,689984,Дорожный (рзд),10,Х
222,689109,Шубарколь,10,"3,8н,10н"
223,690002,Астана-1,11,"П 3,5,8,8н,10,10н"
224,690200,Сороковая,11,"О 3,8н,10н"
225,690214,Ост. пункт 18 км,20,О
226,690229,Обг. Пункт № 42,10,О
227,690303,Бабатай,10,Б 3
228,690318,Шептыкуль,20,О
229,690407,Аршалы,10,"П 1,3"
230,690500,Анар,10,"Б 3,8н,10н"
231,691005,Жайнак,10,"О 3,8н,10н"
232,690727,Ост. пункт 795 км,20,О
233,690801,Тастак,10,Б 3
234,690905,Кара-Адыр,10,"О 3,7"
235,690915,Ост. пункт 93 км,20,О
236,691109,Жалтыр,10,"Б 3,8н,10н"
237,691113,Ост. пункт 696 км,20,О
238,691202,Колутон,10,"Б 3,7"
239,691306,Ирченко,10,"Б 3,7,8н,10н"
240,691406,Адыр,10,"Б 3,7,8н,10н"
241,691503,Атбасар,10,"Б 1,2,3,4,8н,9,10н"
242,692525,Ост. пункт 402 км,20,О
243,692629,Родники,20,О
244,692722,Бурли- Казахский,20,О
245,692811,Черноярка,20,О
246,693123,Ост. пункт 214 км,20,О
247,693208,Сары-Оба,10,Б 3
248,693301,Еркеншилик,10,Б 3
249,675910,Сарысу,20,О
250,675924,Нилды,10,Б
251,675939,Айса,10,О
252,675943,Тагайлы,20,О
253,675977,Разъезд 17 км,20,О
254,676005,Сарыкум,10,"О 1,3"
255,676016,Кокдомбак,10,О
256,676024,Буйрек (рзд),10,О
257,676109,Дария,10,Б 3
258,676240,Ост. Пункт 189 км,20,О
259,676700,Кызылжар,11,"П 1,3,8н,10н"
260,676838,Разъезд № 60,20,О
261,677205,Акадыр,10,"Б 1,2,3,9"
262,677211,Донгал,10,О
263,677224,Босага,10,Б
264,677239,Акшагыл,10,О
265,679501,Киик,10,Б 3
266,677258,Аркарлы,20,О
267,677309,Мойынты,11,"Б 1,3"
268,677332,Саумалколь,10,Х
269,677347,Разъезд № 5,20,О
270,677506,Балхаш I,10,"П 1,2,3,5,8н,9,10н"
271,677510,Балхаш II,10,П
272,677607,Орта-Дересин,10,О 3
273,677703,Саяк,10,"П 1,3"
274,715002,Шолькызыл,10,О 3
275,683704,Жаксыбулак,10,"О 1,3"
276,677737,Предузловая,10,О
277,677807,Токырау,10,О 3
278,677900,Акжайдак,10,О 3
279,685606,Ащыозек,10,О 1
280,677926,Тагынкара,10,О
281,678301,Ащелисайская,10,О 3
282,678316,Алимбет,10,О
283,678405,Алимбет (эксп.),11,
284,679018,Ост. пункт 55 км,20,О
285,679107,Елимай (обп) (эксп.),11,
286,680000,Есиль,11,"Б 1,2,3,5,6,8н,9,10н"
287,680015,Разъезд № 1,10,О
288,684285,Майбулак,10,Х
289,680208,Красивый-Казахский,10,"Б 3,8н,10н"
290,680301,Обг. Пункт № 80,10,"О 3,8н,10н"
291,680405,Жаксы,10,"О 3,8н,10н"
292,680509,Казахская,10,"О 3,7"
293,680602,Перекатная,10,"Б 3,8н,10н"
294,680706,Обг. Пункт № 86,10,"О 3,7"
295,680800,Приишимская,10,Б 3
296,680903,Кенская,10,Б 3
297,681003,Державинская,10,"П 1,3,4,5,6,8н,10н"
298,681107,Баранкульский,10,"Б 3,8н,10н"
299,681200,Тасты-Талды,10,Б 3
300,681304,Фурмановский,10,Б 3
301,681408,Аркалык,10,"П 1,2,3,4,5,8н,9,10н"
302,681501,Сурган,10,"Б 3,8н,10н"
303,681605,Ковыльная I,10,"П 1,3,8н,10н"
304,681709, Жалгызтал,10,О
305,681802,Терисаккан,10,О
306,681906,Жанысбай,10,"Б 3,8н,10н"
307,682006,Челгаши,10,"П 1,3,8н,10н"
308,682100,Айке,10,Б 3
309,682203,Золотая Сопка (эксп.),11,
310,682307,Койбагор,10,"П 1,3,8н,10н"
311,711406,Обг. Пункт № 75,10,"Б 3,8н,10н"
312,682326,Тюнтюгур,20,О
313,682400,Арка,10,"Б 1,3"
314,682504,Кушмурун,10,"Б 1,3,4"
315,682701,Аманкарагай,10,"Б 1,2,3,5,8н,9,10н"
316,682716,Тургайский Пролив,20,Х
317,682720,Ост. пункт 285 км,20,О
318,682805,Казанбасы,10,П 3
319,682909,Апановка,10,"П 1,3"
320,683009,Притобольская,10,"О 1,3"
321,683102,Тобол,11,"П 3,8н,10н"
322,683117,Ост. пункт 128 км,20,О
323,683121,Увальненский (рзд),10,О
324,683136,Воронинская,10,О
325,683140,Каратомар (рзд),10,О
326,683206,Арыстансор,10,О 3
327,683306,Майлин,10,"О 1,2,3,5,6,9"
328,689306,Лисаковск,10,О 3
329,683403,Алтынсарин,10,"Б 1,3"
330,700825,Архарлы,20,О
331,697603,Караконыр,10,П 3
332,702017,Пияз,20,О
333,703414,Жайлау,20,О
334,704101,Сарыагаш (эксп.),11,
335,704402,Турксиб (эксп.),11,
336,704510,Курагаты,10,О
337,704525,Татты,10,О
338,704534,Аспара,10,О
339,704600,Шу,10,"П 1,2,3,4,5,8н,9,10н"
340,704703,Берлик I,11,"Б 1,3"
341,704718,Пут. пост 1502 км,10,Х
342,704900,Хантау,10,"Б 1,3"
343,704920,Жидели,10,О
344,705000,Курмангазы,10,"1,3"
345,705104,Шолпан,10,"О 1,3"
346,705208,Киякты,10,П 1
347,705231,Ост. пункт 1383 км,20,Х
348,705250,Карасай,10,О
349,705265,Бурылбайтал,10,О
350,705301,Шыганак,10,П 1
351,705316,Кайратколь,10,О
352,705320,Ушбалык,20,Х
353,705344,Жастар (рзд),10,О
354,705354,Кашкантениз,10,О
355,705405,Коктас,10,О 3
356,705509,Сары-Шаган,10,"П 1,2,3,5,9"
357,705528,Науалы,10,О
358,705602,Акжолтай,10,О 3
359,705617,Каражингил,10,О
360,705621,Шешенкара,10,О
361,705706,Мынарал,10,Б 3
362,693320,Едыге (рзд),10,Б
363,693405,Ерейментау,11,"П 1,3,9"
364,693424,Селеты,10,О
365,693509,Тургай,10,О 3
366,693903,Алтынтау,10,"О 1,2,3,4,5,8н,9,10н"
367,694003,Енбекшильдер,10,О 3
368,694107,Айсары,10,О 3
369,694319,Ост. пункт № 112,20,О
370,694605,Екибастуз I,11,"П 1,2,3,5,6,8,8н,9,10н"
371,696102,Павлодар,11,"П 1,3,8н,10н"
372,697509,Куркамыс (эксп.),11,
373,697618,Разъезд № 37,10,О
374,697707,Тимур,10,"Б 1,3,4"
375,697711,Акшокат (рзд),10,О
376,697726,Узынкудук,20,О
377,697730,Отрабад,10,Б
378,697745,Куншагыр (рзд),10,О
379,697751,Шойтобе (рзд),10,О
380,697800,Туркестан,10,"П 1,2,3,4,5,9"
381,698004,Арыс 1,11,"Б 1,2,3,4,5,8н,9,10н"
382,698019,Арыс II,20,П
383,698023,Кабул-Сай,20,О
384,698038,Парковый,20,О
385,698042,Ост. пункт Акпан 1,20,О
386,698108,Костуин (рзд),10,О 3
387,698112,Акдала (рзд),10,О
388,698242,Актас,20,О
389,698521,Ост. пункт 3265 км ПК 1,20,О
390,698606,Шымкент,11,"П 1,2,3,4,5,8,8н,9,10н"
391,699717,Ост. пункт 3392 км,20,О
392,700007,Алматы 1,11,"П 3,8,8н,9,10н"
393,700505,Жетыген,11,"Б 3,8н,10н,11н,12н"
394,711302,Локоть (эксп. на Малиновое Озеро),11,
395,708761,Ост. пункт 594 км,20,Х
396,711603,Ремовская,10,П 3
397,711707,Неверовская,10,"П 1,2,3,5,9"
398,711800,Масальская,10,"Б 1,3"
399,711904,Третьяково,10,"Б 1,3"
400,712108,Шемонаиха,10,"О 3,8н,10н"
401,712201,Усть-Таловка,10,Б 3
402,712305,Рулиха,10,О
403,712409,Фестивальная,10,О 3
404,712606,Предгорная,10,"Б 3,8н,10н"
405,712700,Иртышский Завод,10,Б 3
406,712803,Глубочанка,10,3
407,712907,Казиевка,10,О 3
408,713007,Оскемен-1,11,"П 3,5,6,8,8н,10н"
409,713100,Коршуново,10,"Б 3,8н,10н"
410,713308,Ост. пункт 259 км,20,О
411,713312,Ост. Пункт 265 км,20,О
412,713327,Ост. пункт 275 км,20,О
413,713331,Ост. Пункт 282 км,20,О
414,713401,Черемшанка,10,Б 3
415,713420,Ост. Пункт 307 км,20,О
416,713435,Ост. пункт 313 км,20,О
417,713505,Тишинская,10,"О 3,7"
418,713609,Риддер,10,"П 3,8н,10н"
419,713702,Усть-Каменогорск,10,П 3
420,713806,Новоустькаменогорск,11,"О 3,8н,10н"
421,713810,Ост. Пункт 23 км,20,О
422,713825,Ост. Пункт 33 км,20,О
423,713830,Ермаковка,10,О
424,713844,Ост. Пункт 45 км,20,О
425,713859,Ост. Пункт 49 км,20,О
426,713863,Ост. Пункт 57 км,20,О
427,713906,Усть-Каменогорск (перев.),10,
428,714001,Таусамалы,10,О 3
429,714103,Кумыстау,10,Б 3
430,714137,Кокжиек,10,Б
431,714207,Бухтарма,10,П 3
432,714211,Ост. Пункт 122 км,20,О
433,714226,Ост. Пункт 136 км,20,О
434,714300,Заводинка,10,О 3
435,714315,Ост. Пункт 148 км,20,О
436,714404,Бухтарма (перев.),10,
437,714508,Тургусун,10,О 1
438,714512,Ост. Пункт 174 км,20,О
439,714601,Алтай,10,"Б 3,8н,10н"
440,706304,Тараз,11,"П 1,2,3,4,5,8,8н,10н"
441,707701,Алтынколь (эксп.),11,
442,708009,Актогай,11,"Б 3,8н,10н"
443,699806,Жуз-Агач,10,"О 1,3"
444,708032,Разъезд № 30,10,О
445,708507,Достык (эксп.),11,
446,708600,Тансык,10,П 3
447,708615,Ост. Пункт № 29,20,Х
448,708621,Ак-Булат,10,О
449,708634,Разъезд № 27,10,О
450,708649,Темекили,10,Б
451,708653,Жыланды,10,О
452,708668,Ост. Пункт № 24,20,Х
453,708672,Кошкентал,10,О
454,708687,Разъезд № 22,10,О
455,708704,Аягоз,10,"П 1,2,3,4,8н,9,10н"
456,708723,Эгыз-Кзыл,10,О
457,708738,Алтынколат (рзд),10,О
458,708742,Айгыржал,10,О
459,708757,Енрекей (рзд),10,О
460,708808,Уш-Биик,10,Б 3
461,708812,Разъезд № 16,10,О
462,708827,Каракультас,10,Б
463,708831,Разъезд № 15,10,О
464,708901,Жарма,10,"П 1,3,4,7"
465,708916,Нарбота (рзд),10,О
466,708920,Копан-Булак,10,Б
467,708935,Разъезд № 12,10,О
468,708940,Балыкты-Кол,10,О
469,708954,Желдикара (рзд),10,О
470,709001,Жангиз-Тобе,10,"П 1,3,4,5,8н,10н"
471,709016,Разъезд № 9,10,О
472,709020,Суырлы,10,О
473,709035,Разъезд № 7,10,О
474,709105,Шар,11,П 3
475,709112,Разъезд № 6,10,О
476,712004,Шалабай,10,"О 3,8н,10н"
477,709143,Бурсак,10,О
478,709158,Екаша,10,О
479,684209,Аиртау,10,О 1
480,709177,Улан,10,О
481,709209,Суук-Булак,10,Б 3
482,709213,Разъезд № 4,10,О
483,709228,Дельбегетей,10,О
484,709232,Разъезд № 3,10,О
485,709247,Шоптикак,10,О
486,709251,Разъезд № 1,10,О
487,709302,Жана-Семей,11,"П 3,8н,10н"
488,709389,Ост. Пункт 109 км,20,Х
489,709406,Семей,11,"П 3,5,8н,10н"
490,709904,Сарыжал,10,О 3
491,708719,Разъезд № 21,10,О
492,711001,Локоть,10,"П 1,3,8н,10н,11н,12н"
493,711105,Локоть (эксп. на Рубцовск),10,
494,700079,Разъезд № 5,10,Х
495,689804,Боржакты,10,О 1
496,690106,Ерсай,10,"О 1,8н,10н"
497,691607,Курык-Порт,11,"О 1,3,4,8,10"
498,693602,Курык-Порт (эксп.),10,
499,693706,"Курык-Порт (эксп., перев.)",10,
500,693807,"Курык-Порт (эксп., паром)",10,
501,668390,Ост. пункт 44 км,20,Х
502,668422,Ост. пункт 52 км,20,Х
503,668437,Ост. пункт 78 км,20,Х
504,668441,Ост. пункт 94 км,20,Х
505,668140,Блок-пост № 1046,10,Х
506,668155,Блок-пост № 1104,10,Х
507,668169,Блок-пост № 1152,10,Х
508,668174,Ост. пункт 232 км,20,О
509,668047,Ост. пункт 218 км,20,Х
510,668051,Ост. пункт 215 км,20,О
511,668070,Ост. пункт 188 км,20,Х
512,668085,Ост. пункт 182 км,20,Х
513,668092,Ост. пункт 154 км,20,Х
514,668121,Ост. пункт 126 км,20,Х
515,668314,Ост. пункт 12 км,20,О
516,668329,Ост. пункт 1129 км,20,О
517,668333,Ост. пункт 1097 км,20,О
518,668348,Ост. пункт 1080 км,20,О
519,668352,Ост. пункт 1070 км,20,О
520,668367,Ост. пункт 1050 км,20,О
521,668371,Ост. пункт 1037 км,20,О
522,668386,Ост. пункт 1013 км,20,О
523,669088,Ост. пункт 2057 км,20,Х
524,669092,Ост. пункт 2073 км,20,Х
525,669143,Ост. пункт 2136 км,20,Х
526,669158,Ост. пункт 2160 км,20,Х
527,669162,Ост. пункт 2176 км,20,О
528,669177,Ост. пункт 2207 км,20,Х
529,669213,Ост. пункт 2262 км,20,Х
530,669228,Ост. пункт 2270 км,20,Х
531,669251,Ост. пункт 2304 км,20,Х
532,669266,Ост. пункт 1864 км,20,О
533,669270,Ост. пункт 137 км,20,Х
534,708051,Жыргалы,20,Х
535,709641,Ост. пункт 332 км,20,Х
536,708047,Ост. пункт 627 км,20,Х
537,700115,Ост. пункт 3927 км,20,Х
538,700128,Ост. пункт 3941 км,20,Х
539,700134,Ост. пункт 3954 км,20,Х
540,700149,Ост. пункт 4030 км,20,Х
541,700153,Ост. пункт 1676 км,20,О
542,700168,Ост. пункт 1657 км,20,О
543,700172,Ост. пункт 1656 км,20,О
544,700187,Ост. пункт 1654 км,20,О
545,700191,Ост. пункт 1653 км,20,О
546,700219,Ост. пункт 1630 км ПК 4,20,О
547,700223,Ост. пункт 1612 км,20,О
548,700238,Ост. пункт 1581 км,20,О
549,700242,Ост. пункт 158 км,20,О
550,700257,Поселок Коктума,20,О
551,670225,Ост. пункт 2612 км ПК 5,20,Х
552,670210,Ост. пункт 2603 км ПК 6,20,Х
553,670193,Кызыласкер,20,О
554,670189,Алтай,20,О
555,670174,Ост. пункт 2429 км ПК 4,20,О
556,670166,Ост. пункт 2364 км ПК 2,20,О
557,673261,Путевой пост 696 км,10,Х
558,673276,Пут. пост 767 км,10,Х
559,673312,Входная,20,О
560,673327,Ост. пункт 571 км,20,О
561,700030,Разъезд № 1,10,Х
562,700045,Разъезд № 2,10,Х
563,700051,Разъезд № 3,10,Х
564,700064,Разъезд № 4,10,Х
565,680918,Блок-пост 980 км,10,Х
566,680890,Блок-пост 938 км,10,О
567,680886,Блок-пост 839 км,10,О
568,679037,Блок-пост 743 км,10,Х
569,679022,Блок-пост 705 км,10,Х
570,710600,Шагыр (эксп.),11,
571,662534,Разъезд Р,10,О
572,662676,Ост. пункт 368 км,20,О
573,662680,Ост. пункт 1013 км,20,О
574,712517,Ост. пункт 167 км,20,О
575,679041,Путевой пост 373 км,10,Х
576,679075,Ост. пункт 48 км,20,Х
577,679084,Ост. пункт 76 км,20,О
578,680814,Ост. пункт 85 км,20,Х
579,680833,Ост. пункт 90 км,20,О
580,680848,Ост. пункт 106 км,20,Х
581,680852,Ост. пункт 115 км,20,О
582,680871,Ост. пункт 135 км,20,Х
583,698061,Ост. пункт Акпан 2,20,О
584,698413,Ост. пункт 3259 км,20,Х
585,698536,Ост. пункт 3269 км,20,Х
586,698540,Ост. пункт 3278 км,20,Х
587,698610,Ост. пункт 3295 км,20,Х
588,699312,Ост. пункт 3322 км,20,Х
589,699327,Ост. пункт 3329 км,20,Х
590,699331,Ост. пункт 3330 км,20,Х
591,697622,Машат,20,Х
592,699346,Ост. пункт 3336 км,20,Х
593,697637,Каракчи,20,Х
594,699613,Ост. пункт 3372 км,20,Х
595,698080,Ост. пункт № 42,20,О
596,698199,Ост. пункт № 46,20,О
597,698220,Бака Булак,20,О
598,698235,Ост. пункт № 49,20,О
599,698269,Ост. пункт 3307 км,20,О
600,698273,Ост. пункт № 50,20,О
601,698288,Ост. пункт № 51,20,О
602,698292,Ост. пункт № 52,20,О
603,686632,Ост. пункт 287 км,20,О
604,686721,Ост. пункт 323 км,20,О
605,686825,Ост. пункт 347 км,20,О
606,687712,Ост. пункт 111 км,20,О
607,687442,Ост. пункт 165 км,20,О
608,687438,Ост. пункт 169 км,20,О
609,693068,Ост. пункт 241 км,20,О
610,693049,Ост. пункт 252 км,20,О
611,693026,Ост. пункт 259 км,20,О
612,692920,Ост. пункт 274 км,20,О
613,692718,Ост. пункт 333 км,20,О
614,692667,Ост. пункт 356 км,20,О
615,692633,Ост. пункт 370 км,20,Х
616,692614,Ост. пункт 376 км,20,Х
617,692544,Ост. пункт 390 км,20,О
618,692510,Ост. пункт 415 км,20,Х
619,692493,Ост. пункт 428 км,20,О
620,692474,Ост. пункт 447 км,20,Х
621,692455,Ост. пункт 475 км,20,Х
622,691471,Ост. пункт 591 км,20,О
623,691448,Ост. пункт 614 км,20,О
624,691429,Ост. пункт 628 км,20,О
625,690712,Ост. пункт 26 км,20,О
626,693176,Ост. пункт 35 км,20,Х
627,693180,Ост. пункт 44 км,20,Х
628,693279,Ост. пункт 103 км,20,О
629,690248,Ост. пункт 514 км,20,О
630,690322,Ост. пункт 555 км,20,О
631,690341,Ост. пункт 562 км,20,О
632,673399,Ост. пункт 654 км,20,О
633,673384,Ост. пункт 664 км,20,О
634,673377,Ост. пункт 669 км,20,О
635,673435,Балыкты,20,О
636,673365,Новый Парк,20,Х
637,673721,Ост. пункт 721 км,20,О
638,673736,Когам,20,О
639,673740,Ост. пункт 723 км,20,О
640,675322,Космос,20,О
641,675337,Вишняки,20,О
642,675341,Ост. пункт 746 км,20,О
643,675356,Крылатское,20,О
644,675360,Ост. пункт 754 км,20,О
645,675375,Ост. пункт 758 км,20,О
646,675382,Ост. пункт 769 км,20,О
647,675844,Ост. пункт 811 км,20,О
648,675981,Ост. пункт 906 км,20,О
649,677262,Ост. пункт 937 км,20,Х
650,677277,Ост. пункт 946 км,20,Х
651,677281,Ост. пункт 961 км,20,Х
652,677296,Ост. пункт 965 км,20,Х
653,677313,Ост. пункт 971 км,20,Х
654,677328,Ост. пункт 985 км,20,Х
655,677351,Ост. пункт 995 км,20,Х
656,677366,Ост. пункт 999 км,20,О
657,677370,Ост. пункт 1005 км,20,Х
658,677385,Ост. пункт 1014 км,20,Х
659,677398,Ост. пункт 1027 км,20,Х
660,677417,Ост. пункт 1034 км,20,Х
661,677421,Ост. пункт 1054 км,20,Х
662,677436,Ост. пункт 1063 км,20,Х
663,676039,Ост. пункт 1078 км,20,О
664,676043,Ост. пункт 1088 км,20,Х
665,676058,Ост. пункт 1107 км,20,О
666,676062,Ост. пункт 1119 км,20,О
667,676077,Ост. пункт 1125 км,20,О
668,676081,Ост. пункт 1141 км,20,О
669,676096,Ост. пункт 1152 км,20,О
670,676128,Ост. пункт 1170 км,20,О
671,676132,Ост. пункт 1183 км,20,О
672,676147,Ост. пункт 1190 км,20,Х
673,677629,Ост. пункт 1237 км,20,Х
674,677633,Ост. пункт 1247 км,20,Х
675,677826,Ост. пункт 1264 км,20,Х
676,677830,Ост. пункт 1271 км,20,Х
677,677864,Ост. пункт 1289 км,20,Х
678,677879,Ост. пункт 1300 км,20,Х
679,677883,Ост. пункт 1314 км,20,О
680,677898,Ост. пункт 1321 км,20,Х
681,677934,Ост. пункт 1337 км,20,Х
682,677949,Ост. пункт 1347 км,20,О
683,677953,Ост. пункт 1355 км,20,О
684,677968,Ост. пункт 1364 км,20,Х
685,677972,Ост. пункт 1370 км,20,Х
686,677987,Ост. пункт 1384 км,20,Х
687,677991,Ост. пункт 1393 км,20,Х
688,676166,Ост. пункт 32 км,20,Х
689,676170,Ост. пункт 43 км,20,О
690,676185,Ост. пункт 82 км,20,Х
691,676192,Ост. пункт 105 км,20,Х
692,676255,Ост. пункт 129 км,20,Х
693,676269,Ост. пункт 153 км,20,Х
694,676274,Ост. пункт 163 км,20,О
695,676289,Ост. пункт 201 км,20,Х
696,676293,Ост. пункт 214 км,20,Х
697,676310,Ост. пункт 239 км,20,О
698,676325,Ост. пункт 263 км,20,Х
699,676344,Ост. пункт 311 км,20,О
700,713721,Ост. пункт 16 км,20,О
701,676363,Ост. пункт 335 км,20,О
702,676378,Ост. пункт 347 км,20,О
703,676382,Ост. пункт 359 км,20,О
704,676397,Ост. пункт 370 км,20,Х
705,676471,Ост. пункт 13 км,20,О
706,676486,Байгул,20,О
707,676490,Ост. пункт 40 км,20,О
708,673242,Ост. пункт 7 км,20,Х
709,673257,Ост. пункт 27 км,20,Х
710,674688,Ост. пункт 58 км,20,Х
711,674692,Ост. пункт 65 км,20,Х
712,677440,Ост. пункт 107 км,20,Х
713,677455,Ост. пункт 124 км,20,Х
714,677464,Ост. пункт 196 км,20,Х
715,673331,Дачи,20,О
716,673346,Мехтупик,20,О
717,682754,Ост. пункт 132 км,20,Х
718,682749,Ост. пункт 124 км,20,Х
719,682735,Ост. пункт 120 км,20,Х
720,682699,Ост. пункт 109 км,20,Х
721,682672,Ост. пункт 104 км,20,Х
722,682665,Ост. пункт 96 км,20,Х
723,682650,Ост. пункт 93 км,20,Х
724,682646,Ост. пункт 83 км,20,Х
725,680941,Ост. пункт 65 км,20,Х
726,680937,Ост. пункт 60 км,20,Х
727,680922,Ост. пункт 43 км,20,Х
728,679056,Ост. пункт 69 км,20,Х
729,679060,Ост. пункт 45 км,20,Х
730,683475,Ост. пункт 387 км,20,Х
731,683482,Ост. пункт 397 км,20,Х
732,683494,Ост. пункт 408 км,20,Х
733,683564,Ост. пункт 425 км,20,Х
734,683583,Ост. пункт 433 км,20,Х
735,683598,Ост. пункт 439 км,20,Х
736,683668,Ост. пункт 453 км,20,О
737,683672,Ост. пункт 459 км,20,Х
738,683776,Ост. пункт 470 км,20,Х
739,683780,Ост. пункт 476 км,20,О
740,683795,Ост. пункт 480 км,20,Х
741,684016,Ост. пункт 297 км,20,Х
742,683973,Ост. пункт 308 км,20,Х
743,683969,Ост. пункт 321 км,20,Х
744,683954,Ост. пункт 331 км,20,Х
745,683944,Ост. пункт 333 км,20,Х
746,683935,Ост. пункт 340 км,20,Х
747,683920,Ост. пункт 342 км,20,Х
748,683899,Ост. пункт 348 км,20,О
749,683884,Ост. пункт 360 км ПК 8,20,О
750,684035,Ост. пункт 297 км,20,О
751,684073,Ост. пункт 303 км,20,Х
752,684088,Ост. пункт 307 км,20,О
753,684092,Ост. пункт 317 км,20,Х
754,684232,Ост. пункт 325 км,20,Х
755,684247,Ост. пункт 329 км,20,Х
756,684251,Ост. пункт 336 км,20,О
757,684266,Ост. пункт 341 км,20,Х
758,684270,Ост. пункт 353 км,20,Х
759,684292,Ост. пункт 359 км,20,Х
760,684321,Ост. пункт 369 км,20,О
761,684336,Ост. пункт 379 км,20,О
762,684340,Ост. пункт 387 км,20,Х
763,684355,Ост. пункт 397 км,20,О
764,684369,Ост. пункт 399 км,20,Х
765,684374,Ост. пункт 411 км,20,Х
766,684389,Ост. пункт 418 км,20,Х
767,684393,Ост. пункт 422 км,20,Х
768,684425,Ост. пункт 142 км,20,О
769,684435,Ост. пункт 145 км,20,Х
770,684459,Ост. пункт 155 км,20,Х
771,684463,Ост. пункт 159 км,20,О
772,684478,Ост. пункт 175 км,20,Х
773,684482,Ост. пункт 184 км,20,О
774,684497,Ост. пункт 190 км,20,Х
775,684514,Ост. пункт 208 км,20,Х
776,684754,Ост. пункт 123 км,20,Х
777,684745,Ост. пункт 147 км,20,О
778,684730,Ост. пункт 156 км,20,Х
779,684726,Ост. пункт 165 км,20,Х
780,684694,Ост. пункт 167 км,20,Х
781,684688,Ост. пункт 175 км,20,Х
782,684675,Ост. пункт 180 км,20,Х
783,684660,Ост. пункт 187 км,20,О
784,684656,Ост. пункт 195 км,20,О
785,684622,Ост. пункт 202 км,20,Х
786,684618,Ост. пункт 218 км,20,Х
787,684590,Ост. пункт 238 км,20,О
788,684586,Ост. пункт 245 км,20,Х
789,684571,Ост. пункт 246 км,20,Х
790,684567,Ост. пункт 255 км,20,Х
791,684552,Ост. пункт 258 км,20,Х
792,681516,Ост. пункт 149 км,20,О
793,681520,Ост. пункт 168 км,20,О
794,681535,Ост. пункт 206 км,20,О
795,681543,Ост. пункт 224 км,20,О
796,681554,Ост. пункт 275 км,20,Х
797,680960,Ост. пункт 30 км,20,О
798,680975,Ост. пункт 63 км,20,О
799,680994,Ост. пункт 112 км,20,Х
800,683155,Ост. пункт 674 км,20,Х
801,683163,Ост. пункт 697 км,20,Х
802,683174,Ост. пункт 711 км,20,Х
803,683189,Ост. пункт 717 км,20,О
804,683193,Ост. пункт 720 км,20,Х
805,683225,Ост. пункт 728 км,20,О
806,683230,Ост. пункт 733 км,20,Х
807,683314,Ост. пункт 748 км,20,Х
808,683329,Ост. пункт 752 км,20,Х
809,683333,Ост. пункт 756 км,20,О
810,683348,Ост. пункт 769 км,20,Х
811,683352,Ост. пункт 775 км,20,Х
812,683367,Ост. пункт 782 км,20,Х
813,683386,Ост. пункт 797 км,20,Х
814,683390,Ост. пункт 802 км,20,О
815,683441,Ост. пункт 828 км,20,Х
816,683456,Ост. пункт 837 км,20,О
817,683460,Ост. пункт 845 км,20,Х
818,683526,Ост. пункт 849 км,20,О
819,683530,Ост. пункт 861 км,20,О
820,683625,Ост. пункт 865 км,20,Х
821,683634,Ост. пункт 871 км,20,О
822,683649,Ост. пункт 874 км,20,Х
823,683691,Ост. пункт 882 км,20,О
824,683719,Ост. пункт 898 км,20,Х
825,683723,Ост. пункт 905 км,20,Х
826,683742,Ост. пункт 916 км,20,Х
827,683757,Ост. пункт 921 км,20,О
828,683812,Ост. пункт 933 км,20,Х
829,683827,Ост. пункт 943 км,20,О
830,683831,Ост. пункт 952 км,20,Х
831,683850,Ост. пункт 964 км,20,О
832,683865,Ост. пункт 970 км,20,Х
833,683878,Ост. пункт 989 км,20,О
834,713346,Ост. пункт 267 км,20,О
835,713365,Ост. пункт 271 км,20,О
836,713384,Ост. пункт 277 км,20,О
837,713444,Ост. пункт 292 км,20,О
838,713469,Ост. пункт 295 км,20,О
839,713488,Ост. пункт 320 км,20,О
840,713558,Ост. пункт 331 км,20,О
841,712536,Ост. пункт 174 км,20,О
842,712634,Ост. пункт 195 км,20,О
843,713736,Ост. пункт 19 км,20,О
844,713755,Ост. пункт 22 км,20,О
845,713763,Ост. пункт 26 км,20,О
846,713774,Ост. пункт 28 км,20,О
847,713789,Ост. пункт 36 км,20,О
848,713793,Ост. пункт 37 км,20,О
849,713878,Ост. пункт 42 км,20,О
850,713882,Ост. пункт 44 км,20,О
851,713914,Ост. пункт 51 км,20,О
852,713929,Ост. пункт 56 км,20,О
853,704690,Ост. пункт 3888 км,20,О
854,704686,Ост. пункт 3870 км,20,Х
855,704671,Ост. пункт 3857 км,20,Х
856,704667,Ост. пункт 3832 км,20,Х
857,704652,Ост. пункт 3803 км,20,Х
858,704648,Ост. пункт 3799 км,20,Х
859,704633,Ост. пункт 3785 км,20,Х
860,704629,Ост. пункт 3778 км,20,Х
861,704614,Ост. пункт 3764 км,20,Х
862,705547,Ост. пункт 1119 км,20,Х
863,705532,Ост. пункт 1177 км,20,Х
864,705227,Ост. пункт 1390 км,20,Х
865,704953,Ост. пункт 1450 км,20,Х
866,704949,Ост. пункт 1465 км,20,Х
867,704934,Ост. пункт 1482 км,20,Х
868,706427,Ост. пункт 100 км,20,Х
869,704544,Ост. пункт 3634 км,20,Х
870,704559,Ост. пункт 3674 км,20,О
871,704563,Тасоткель,20,Х
872,704578,Кумозек,20,Х
873,707487,Ост. пункт 3615 км,20,О
874,705960,Ост. пункт 3474 км,20,Х
875,705956,Ост. пункт 3462 км,20,Х
876,705941,Ост. пункт 3451 км,20,Х
877,705937,Ост. пункт 3445 км,20,Х
878,704436,Ост. пункт 3434 км,20,Х
879,704421,Ост. пункт 3416 км,20,Х
880,704417,Ост. пункт 3409 км,20,Х
881,699628,Ост. пункт 3384 км,20,Х
882,699632,Елтай,20,Х
883,693411,Ост. пункт 46 км,20,О
884,694022,Ост. пункт 152 км,20,О
885,665049,Ост. пункт 1189 км,20,Х
886,665072,Ост. пункт 1200 км,20,О
887,665227,Ост. пункт 1242 км,20,О
888,661175,Ост. пункт 1254 км,20,О
889,664987,Ост. пункт 1174 км,20,Х
890,673350,Весна,20,О
891,690854,Ост. пункт 671 км,20,Х
892,690849,Ост. пункт 709 км,20,Х
893,690820,Ост. пункт 715 км,20,Х
894,690816,Ост. пункт 732 км,20,Х
895,690784,Ост. пункт 745 км,20,Х
896,690772,Ост. пункт 759 км,20,Х
897,690750,Ост. пункт 775 км,20,Х
898,690746,Ост. пункт 787 км,20,Х
899,703325,Кызылтан,20,Х
900,703429,Саз,20,Х
901,703541,Ост. пункт 3982 км,20,Х
902,703645,Ост. пункт 4008 км,20,Х
903,703664,Куркудук,20,Х
904,703344,Ост. пункт 3916 км,20,Х
905,703433,Ост. пункт 3964 км,20,Х
906,703467,Ост. пункт 3970 км,20,Х
907,703594,Ост. пункт 3996 км,20,Х
908,703683,Ост. пункт 4018 км,20,Х
909,680956,Ост. пункт 101 км,20,Х
910,692535,Ост. пункт 409 км,20,Х
911,675426,Ост. пункт 786 км,20,Х
912,714033,Ост. пункт 85 км,20,О
913,711622,Ост. пункт 97 км,20,Х
914,683437,Ост. пункт 812 км,20,О
915,681427,Ост.Пункт 230 км,20,Х
916,681446,Ост.Пункт 241 км,20,Х
917,681465,Ост.Пункт 266 км,20,Х
918,681484,Ост.Пункт 277 км,20,Х
919,681499,Путевой пост 147 км,10,Х
920,680104,Киыршык,10,3
921,689409,Актау-Порт-Паром (эксп. на Туркменбаши I),10,
922,689202,Актау-Порт-Паром (эксп.),10,
923,689503,Актобе I,10,П 3
924,689607,Актобе II,10,"3,8н,10н"
925,660312,Разъезд 46 км,10,Х
926,702801,Мукур,10,Б 3
927,660844,Жантерек,10,Б
928,660859,Кенбай (рзд),10,Б
929,661003,Жамансор,10,"О 1,3"
930,661014,Разъезд 377 км,10,О
931,663404,"Актау-Порт (перев., эксп.)",10,
932,663804,Актау-Порт-Паром,10,Х
933,667612,Жамансу (рзд),10,О
934,660030,Предузловой пост 6 км (п),10,Х
935,660204,Разъезд № 315,10,О 3
936,660308,Темир,10,"Б 1,3"
937,660327,Калмаккырган,10,Б
938,660401,Жаксымай,10,"Б 1,3,8н,10н"
939,660492,Разъезд 102,10,О
940,667006,Камыссай ,10,О 3
941,667106,Разъезд № 25,10,О 1
942,667203,Чашкан,10,"Б 1,3,4"
943,667222,Тавшон (рзд),10,О
944,667307,Ак-Булак,10,"П 1,2,3,4,9"
945,667311,Шолак-Су (рзд),10,О
946,667326,Жулдуз (рзд),10,О
947,667400,Сагарчин,10,Б
948,667425,Кос-Арал (рзд),10,О
949,667519,Разъезд № 33,10,О
950,667523,Шаруа (рзд),10,О
951,667608,Мартук,10,"Б 1,3,4"
952,667701,Каратогай,10,"Б 1,3,4"
953,667720,Разъезд № 38,10,О
954,667913,Алжан (рзд),10,О
955,668102,Бестамак,10,Б 3
956,668301,Алга,10,"Б 1,3,4"
957,668403,Тамды,10,"Б 1,3,4"
958,668507,Аккемер,10,"Б 1,3,4"
959,668511,Разъезд № 47,10,О
960,685907,Белоградовка,10,"О 3,7"
961,686007,Аксуат,10,"Б 3,8н,10н"
962,686100,Сулы,10,"Б 3,8н,10н"
963,686204,Кайранкуль,10,"Б 3,7,8н,10н"
964,686308,Бауманская,10,"О 3,8н,10н"
965,686401,Пресногорьковская,10,Б 3
966,687300,Зерновая,10,О 3
967,697406,Шагыр,10,О 3
968,711209,Аул,10,"Б 1,3,4"
969,711393,Разъезд № 41,10,О
970,711505,Бель-Агач,10,"П 1,3,4"
971,709508,Семей-Грузовой,10,"3,6,8н,10н"
972,709514,Дюсакен,10,О
973,660505,Шубаркудык,10,"П 1,2,3,5,9"
974,660512,Кенжалы,10,О
975,660539,Разъезд 142,10,О
976,660609,Карауылкелды,10,"П 1,2,3,9"
977,689700,Жарлы,10,Б 1
978,660632,Разъезд 202 км,10,О 
979,660717,Разъезд 236 км,10,О
980,660806,Сагиз,10,"П 1,3"
981,660810,Разъезд 265 км,10,О
982,660825,Разъезд 279 км,10,О
983,669919,Ушкорай (рзд),10,О
984,669938,Копмола,10,О
985,669942,Кендала (рзд),10,О
986,669961,Жылан,10,Б
987,669976,Тосбулак (рзд),10,О
988,670009,Тогыз,10,"Б 1,4"
989,670013,Шиликты (рзд),10,Б
990,670047,Карашокат,10,Б
991,670051,Акеспе (рзд),10,О
992,670070,Шокысу,10,О
993,670090,Курлык (рзд),10,О
994,694709,Екибастуз II,10,О 3
995,694802,Екибастуз-Северный,10,3
996,700100,Алматы 2,10,"П 3,5,8,8н,10н"
997,694304,Екибастуз-Северный II,10,3
998,689908,Ондырыс,10,О 3
999,692402,Танкерыс,10,"Б 3,8н,10н"
1000,692506,Шортанды,10,Б 3
1001,692601,Ак-Куль,10,"Б 3,8н,10н"
1002,692703,Ельтай,10,Б 3
1003,692807,Макинка,10,"Б 3,8н,10н"
1004,692900,Жасыл,10,"О 3,7,8н,10н"
1005,693000,Курорт-Боровое,10,"П 3,8н,10н"
1006,693104,Джемантуз,10,"Б 3,7,8н,10н"
1007,702905,Мактаарал (эксп.),10,
1008,704008,Жетысай,10,"Б 1,3"
1009,704506,Турксиб,10,"П 1,2,3,4,5,9"
1010,697001,Мактаарал,10,"Б 1,3"
1011,706408,Жанатас,10,"П 1,3,8н"
1012,706412,Шабакты,10,О
1013,706431,Актаутас,10,О
1014,706501,Бугунь,10,Б 3
1015,706605,Каратау,10,"Б 1,2,3,5,9"
1016,706616,Тамды (рзд),10,О
1017,706709,Аса,10,"О 1,3,8н,10н"
1018,706747,Жума,10,О
1019,706802,Табакбулак,10,Б 3
1020,706906,Шайкорык,10,"О 3,8н,10н"
1021,707006,Бурул,10,О 3
1022,707107,Талас,10,"О 1,3"
1023,707203,Ушбулак,10,"О 1,3"
1024,707307,Акшолак,10,"О 1,3"
1025,707400,Акыртобе,10,О 3
1026,707504,Малдыбай,10,"О 1,3"
1027,663132,Боздак (рзд),10,О
1028,662708,Акжигит,10,Б 1
1029,662712,Кзыл-Аскер (рзд),10,Б
1030,662913,Оазис (рзд),10,Б
1031,663005,Устюрт,10,Б 1
1032,663019,Разъезд № 2,10,О
1033,663109,Сайотес,10,Б 1
1034,663128,Маната (рзд),10,О
1035,663151,Разъезд № 12,10,О
1036,663202,Шетпе,10,"П 1,3"
1037,663221,Разъезд № 15,10,О
1038,663236,Тамак (рзд),10,О
1039,664008,Куйкен (рзд),10,О 3
1040,664402,Разъезд № 6-Г,10,3
1041,665706,Разъезд № 5,10,О 3
1042,665805,Разъезд № 13,10,О 3
1043,671105,Разъезд № 19,10,О
1044,671209,Карашеген,10,О
1045,671603,Разъезд № 17,10,О
1046,672907,Абай,10,О
1047,673100,Разъезд № 16,10,О
1048,674809,Разъезд № 15,10,О
1049,675106,Разъезд № 14,10,О
1050,675604,Разъезд № 13,10,О
1051,700909,Дала,10,О 3
1052,676607,Мынбала,10,О
1053,676804,Туйемойнак,10,О 1
1054,676819,Теректы,10,О
1055,676823,Блок-пост 366 км,10,О
1056,676908,Разъезд № 12,10,О
1057,677008,Жезказган,10,"П 1,2,3,5,8,8н,9,10н"
1058,677101,Разъезд № 11,10,О
1059,677402,Разъезд № 10,10,О
1060,678000,Косколь,10,Б 3
1061,678104,Разъезд № 8,10,О
1062,678208,Разъезд № 7,10,О
1063,678509,Коктал,10,О 1
1064,678602,Разъезд № 6,10,О
1065,678706,Разъезд № 5,10,О
1066,678802,Байконыр,10,О
1067,679200,Разъезд № 3,10,О
1068,679304,Карсакпай,10,О
1069,679408,Разъезд № 2,10,О
1070,678570,Разъезд № 1,10,О
1071,700721,Кулан-Тобе,10,О
1072,700806,Коскудук,10,Б 3
1073,700810,Алтындала (рзд),10,О
1074,701004,Жоломан,10,О 3
1075,701014,Сайлы (рзд),10,О
1076,701103,Малай-Сары,10,О 3
1077,701118,Тары (рзд),10,О
1078,701122,Балгалы,10,О
1079,701137,Дос (рзд),10,О
1080,701207,Сары-Озек,10,"Б 3,5"
1081,701211,Койкрыккан (рзд),10,О
1082,701226,Май-Тобе,10,О
1083,701230,Тауарасы (рзд),10,О
1084,701300,Айна-Булак,10,О 3
1085,701315,Копр (рзд),10,О
1086,701323,Моюн-Кум,10,О
1087,701334,Бахша (рзд),10,О
1088,701404,Биже,10,П 3
1089,701508,Коксу,10,Б 1
1090,701601,Тентек,10,"П 3,8н,10н"
1091,701705,Карабулак,10,О 3
1092,701809,Талдыкорган,10,"Б 1,3,5,8,10,10н"
1093,701902,Текели,10,"Б 1,2,3,9"
1094,702002,Кальпе,10,О 3
1095,702106,Уш-Тобе,10,"П 3,5"
1096,702110,Крушдаласы (рзд),10,О
1097,702125,Разъезд № 47,10,О
1098,702133,Кайракты,10,О
1099,702144,Караой (рзд),10,О
1100,702303,Мулалы,10,"П 1,3,4"
1101,702407,Алажиде,10,О 3
1102,702411,Егинсу,10,О
1103,702426,Кумтобе (рзд),10,О
1104,702430,Ак-Узяк,10,О
1105,702500,Матай,10,"Б 1,3,4,9"
1106,702515,Береке (рзд),10,О
1107,702529,Жасказах,10,О
1108,702604,Лепсы,10,"Б 1,2,3,4,7,9"
1109,702619,Керегетас (рзд),10,О
1110,702623,Сарыкурак (рзд),10,О
1111,702638,Арганаты,10,О
1112,702657,Акбалык,10,О
1113,702661,Каратас,10,О
1114,702676,Кокшалпин (рзд),10,О
1115,702708,Каракум,10,Б 3
1116,702712,Разъезд № 33,10,О
1117,662587,Разъезд № 9,10,О
1118,662591,Разъезд № 11,10,О
1119,663240,Разъезд № 14,10,О
1120,662638,Разъезд № 16,10,О
1121,676335,Блок-пост 280 км,10,О
1122,676791,Блок-пост 402 км,10,О
1123,676359,Блок-пост 323 км,10,О
1124,662854,Разъезд № 3,10,О
1125,662572,Разъезд № 7,10,О
1126,696303,Павлодар-Северный,10,"3,8н,10н"
1127,696403,Павлодар-Порт,10,"3,8н,10н"
1128,700609,Илийская,10,"3,8н,10н"
1129,700702,Капчагай,10,"Б 3,8н,10н"
1130,700717,Боктер (рзд),10,О
1131,714809,Разъезд № 18,10,О
1132,714902,Разъезд № 4,10,О
1133,660702,Ногайты,10,"Б 1,3"
1134,671302,Кызгалдакты ,10,О 3
1135,667504,Жайсан,10,"П 1,3,4"
1136,667627,Разъезд № 36,10,О 
1137,667735,Курайлы (рзд),10,О
1138,667805,Жинишке,10,"1,3,8н,10н"
1139,668808,Жазык,10,"П 1,3"
1140,668827,Бакай,10,О
1141,669001,Токмансай,10,"Б 1,3"
1142,669020,Разъезд № 312,10,О
1143,669045,Разъезд № 313,10,О
1144,684020,Алкау (рзд),10,О
1145,684040,Куншаш (рзд),10,О
1146,684105,Шоккарагай (рзд),10,Б 3
1147,685305,Карагалинская,10,О 3
1148,685324,Басагаш (пп),10,О
1149,685339,Бармак (рзд),10,О
1150,685409,Сарыколь,10,"П 1,3,8н,10н"
1151,685413,Дудаковка,10,О
1152,685502,Коскуль,10,"Б 3,8н,10н"
1153,679003,Зааятская,10,П 3
1154,679111,Елимай (обп),10,О
1155,682608,Баталы,10,"Б 3,8н,10н"
1156,698254,Талдыкудук (рзд),10,О
1157,702200,Шелек,10,О 3
1158,696051,Путевой пост 445 км,10,Х
1159,704807,Кундызды,10,"О 3,8н,10н"
1160,705806,Таскарасу (рзд),10,О 3
1161,696206,Павлодар-Южный,10,"1,2,3,4,5,8,8н,9,10н"
1162,696704,Шакат,10,"О 3,8н,10н"
1163,696719,Красноармейка-Казахская,10,Б
1164,696723,Разъезд № 125,10,О
1165,696901,Маралды,10,Б 3
1166,697105,Рождественка,10,О 3
1167,697209,Туз-Кала,10,"О 1,3"
1168,697302,Шарбакты,10,"П 1,2,3,4,9"
1169,689005,Куркамыс,10,Б 3
1170,700513,Курозек (рзд),10,Х
1171,700524,Екпинди (рзд),10,Х
1172,700539,Жарсу (рзд),10,Х
1173,700543,Жинишкесу (рзд),10,Х
1174,700558,Нурлы (рзд),10,Х
1175,700562,Ортакудык (рзд),10,Х
1176,700577,Шарын (рзд),10,Х
1177,700596,Айдарлы (рзд),10,Х
1178,700613,Керимагаш (рзд),10,Х
1179,700632,Иинтал (рзд),10,Х
1180,707608,Алтынколь,10,"П 1,3,4,8,8н,10,10н,11,12"
1181,707805,"Алтынколь (эксп., перев. авто)",10,
1182,668013,Блок-пост № 118,10,Х
1183,668028,Блок-пост № 162,10,Х
1184,668032,Блок-пост № 192,10,Х
1185,687103,Кокшетау II,10,"Б 3,8н,10н"
1186,688002,Октябрь,10,"О 3,7,8н,10н"
1187,688106,Чкалово,10,"О 3,8н,10н"
1188,688203,Золоторунная,10,"О 3,7"
1189,688303,Ащи-Голь,10,"О 3,7"
1190,688407,Даут,10,"Б 1,3,8н,10н"
1191,688500,Тальщик,10,"Б 1,3,7,8н,10н"
1192,688604,Кзыл-Ту,10,"Б 1,3,8н,10н"
1193,661156,Разъезд 402 км,10,О
1194,661207,Карабатано,10,"Б 1,3,8н,10н"
1195,661300,Доссор,10,"Б 1,3"
1196,661315,Разъезд 441 км,10,О
1197,661322,Разъезд 414 км,10,О
1198,661404,Искине,10,"Б 1,3"
1199,661419,Таскескен (рзд),10,О
1200,661438,Разъезд 496 км,10,О
1201,661508,Тендык,10,"О 1,3"
1202,661601,Акжайык,10,"П 1,3,4"
1203,661705,Атырау,10,"П 1,2,3,5,8,9,10н"
1204,661718,Кызылжар (рзд),10,О
1205,661809,Махамбет,10,"П 1,3,6,8н,10н"
1206,661813,Туманное (рзд),10,Б
1207,661828,Разъезд № 16,10,О
1208,661832,Баксай,10,О
1209,661902,Махамбет (эксп.),10,
1210,662106,Ак-Кистау,10,"Б 1,3"
1211,662110,Разъезд № 15,10,О
1212,667932,Жолтобе (рзд),10,О
1213,703196,Пут. пост 3754 км,10,Х
1214,661512,Путевой пост 513 км,10,Х
1215,671001,Алабас ,10,О 3
1216,669302,Журын,10,"Б 1,3,4"
1217,669321,Потуй (рзд),10,О
1218,669355,Изимбет,10,О
1219,669374,Талдысай (рзд),10,О
1220,669393,Кудык,10,О
1221,669406,Жем,10,"Б 1,2,3,4,8н,9,10н"
1222,669425,Кыргыз,10,О
1223,669430,Тас (путевой пост),10,О
1224,669507,Мугалжар,10,"Б 1,3,4"
1225,669603,Бершугир,10,"Б 1,3,4"
1226,669618,Разъезд № 60,10,О
1227,669707,Котыртас,10,О 1
1228,669726,Кауылжыр,10,О
1229,669730,Кайыр (рзд),10,Б
1230,669800,Кайдауыл,10,Б 1
1231,669834,Улпан,10,Б
1232,662125,Разъезд № 14,10,О
1233,662132,Нарын (рзд),10,Б
1234,662209,Сазанкурак,10,О 3
1235,662214,Разъезд № 11,10,О
1236,678903,Исатай,10,Б 3
1237,662233,Разъезд № 10,10,О
1238,662248,Разъезд № 9,10,О
1239,662252,Афанасьево (рзд),10,Б
1240,662267,Разъезд № 7,10,О
1241,662303,Ганюшкино,10,"Б 1,3"
1242,662318,Разъезд № 5,10,О
1243,662322,Разъезд № 4,10,О
1244,662407,Дины Нурпеисовой (рзд),10,Б 3
1245,703005,Еспе,10,Б 3
1246,703109,Шокпар,10,"Б 1,3"
1247,703113,Алайгыр,10,О
1248,703128,Кулакшин,10,О
1249,703202,Бел,10,О 3
1250,703217,Анракай,10,О
1251,703221,Кордай,10,О
1252,703306,Отар,10,"П 1,2,3,4,6,9"
1253,703405,Чильбастау,10,О 3
1254,703503,Копа,10,О 3
1255,703522,Жирен-Айгыр,10,О
1256,703607,Казыбек-Бек,10,"О 3,8н,10н"
1257,703611,Жингильды,10,О
1258,703700,Чемолган,10,"Б 3,8н,10н"
1259,703804,Аксенгер (рзд),10,"О 3,8н,10н"
1260,703908,Бурундай,10,"О 3,8н,10н"
1261,704722,Кемер,10,О
1262,704737,Коктобе,10,О
1263,694200,Коржункуль,10,Б 3
1264,694215,Уленты,10,Б
1265,694408,Бозшаколь,10,"Б 1,3,8н,10н"
1266,694501,Шидерты,10,Б 3
1267,694516,Обг. Пункт № 116,10,О
1268,687207,Чаглинка,10,"О 3,8н,10н"
1269,687404,Жаман-Ащи ,10,О 3
1270,687508,Азат,10,"Б 3,8н,10н"
1271,687601,Приречная,10,"О 3,8н,10н"
1272,687705,Тайынша,10,"Б 3,8н,10н"
1273,687724,Тениз (рзд),10,О
1274,687809,Киялы,10,"Б 3,8н,10н"
1275,687828,Жанажол (рзд),10,О
1276,687902,Смирново,10,"Б 3,8н,10н"
1277,687917,Кауданды (рзд),10,О
1278,687936,Жанатурмыс (рзд),10,О
1279,695909,"Игилик (эксп., перев. авиа)",10,
1280,696808,Игилик,10,"О 3,8н,10н"
1281,698057,Калаш,10,О
1282,698409,Бадам,10,"П 1,3,4"
1283,698502,Коргасын,10,"О 3,6"
1284,660908,Менлибай,10,3
1285,705903,Боранды,10,"П 1,3,4"
1286,705918,Сурум,10,Б
1287,705922,Куркуреу-су,10,О
1288,706003,Маймак,10,"Б 1,3"
1289,706018,Жуантобе,10,О
1290,706107,Шолдала,10,О 3
1291,698704,Казыкурт,10,"3,8н,10н"
1292,698803,Сайрам,10,"О 3,8н,10н"
1293,698907,Тогус,10,3
1294,699007,Ленгер,10,"О 1,3"
1295,699100,Текесу,10,3
1296,699204,Кызылсай,10,"Б 3,6,8н,10н"
1297,699308,Манкент,10,"Б 1,3,4,8н,10н"
1298,699401,Ынтымак,10,О 3
1299,699505,Сас-Тобе,10,Б 3
1300,699609,Коктерек,10,О 3
1301,699702,Тюлькубас,10,"Б 1,3,4"
1302,699740,Обг. Пункт № 115,10,Х
1303,699767,Абаил,10,Х
1304,699774,Шокпак,10,О
1305,706200,Кумшагал,10,О 3
1306,686505,Первая Целинная,10,"О 3,8н,10н"
1307,686609,Янко,10,"Б 3,8н,10н"
1308,686702,Саумалколь,10,"П 3,8н,10н"
1309,686806,Уголки,10,"О 3,8н,10н"
1310,686902,Карагай,10,"О 3,7,8н,10н"
1311,686933,Васильковка (рзд),10,Х
1312,704205,Дарбаза,10,"П 3,8н,10н"
1313,697904,Шенгелды,10,Б 1
1314,698201,Монтайтас,10,О 3
1315,698216,Шанак,10,О
1316,698305,Сарыагаш,10,П 3
1317,699900,Жылга,10,П 3
1318,661118,Разъезд № 472,10,О
1319,661137,Разъезд № 470,10,О
1320,661141,Разъезд № 469,10,О
1321,661160,Шокпартогай (рзд),10,О
1322,660100,Байтерек (рзд),10,О 3
1323,662500,Кульсары,10,"П 1,2,3,5,6,8н,10н"
1324,662515,Разъезд № 468,10,О
1325,662528,Разъезд № 467,10,О
1326,662549,Разъезд № 465,10,О
1327,662604,Боранкул,10,"П 1,3"
1328,662619,Разъезд № 464,10,О
1329,662623,Разъезд № 463,10,О
1330,662642,Разъезд № 461,10,О
1331,664807,Сарга (рзд),10,О 3
1332,664101,Коркол (рзд),10,О 3
1333,664205,Бекбеке (рзд),10,О 3
1334,664309,Майкомген (рзд),10,Б 3
1335,690604,Актай,10,О 3
1336,667256,Разъезд № 157,10,Х
1337,675958,Коктинколи,10,О
1338,675962,Разъезд 69 км,10,О
1339,676113,Разъезд № 33,10,Х
1340,676202,Жанаарка,10,"Б 1,3,9"
1341,676217,Разъезд 117 км,10,О
1342,676221,Атасу,10,О
1343,676236,Мынадыр,10,О
1344,676306,Жанаарка (эксп.),10,
1345,676401,Каражал,10,"П 1,3"
1346,676503,Жомарт,10,"О 3,8н,10н"
1347,676518,Жайрем,10,Х
1348,676715,Женыс,10,Б
1349,691700,Домбар(рзд),10,О
1350,691804,Шукыр,10,О
1351,691908,Жанак(рзд),10,О
1352,692008,Кокала (рзд),10,О
1353,692101,Тассай,10,"О 1,3"
1354,692205,Сагыр(рзд),10,О
1355,692309,Санкибай(рзд),10,О
1356,679605,Сарыжиде(рзд),10,О
1357,679709,Аккайтым(рзд),10,О
1358,679802,Байкадам,10,О
1359,679906,Бегимбет(рзд),10,О
1360,704309,Кайрат (рзд),10,"О 3,8н,10н"
1361,696507,Курсай,10,О
1362,696600,Токсанбай(рзд),10,О
1363,700204,Медеу,10,"О 3,8н,10н"
1364,700308,Жеты-Су,10,"О К,3,5,7,8,8н,10н"
1365,700401,Байсерке,10,"О 3,8н,10н"
1366,713204,Турыш,10,О
1367,714705,Жаркум(рзд),10,О
1368,710206,Теректи(рзд),10,О
1369,710300,Алтай(рзд),10,О
1370,710704,Сам,10,О
1371,710808,Ногайты (рзд),10,О
1372,710901,Сарша (рзд),10,О 1
1373,707909,Сарыкум (рзд),10,О
1374,708102,Разъезд № 8,10,О 3
1375,708117,Сайкан (рзд),10,О
1376,708121,Разъезд № 5,10,О
1377,708136,Разъезд № 2,10,О
1378,708155,Актогай-Восточный (рзд),10,Х
1379,708206,Бесколь,10,Б 3
1380,708259,Коктума,10,Б
1381,708263,Разъезд № 16,10,О
1382,708278,Жайпак (рзд),10,О
1383,708282,Акши  (рзд),10,Б
1384,708302,Жаланашколь,10,П 3
1385,708329,Разъезд № 19,10,О
1386,708403,Достык,10,"П 1,3,4,8,8н,10,10н"
1387,710102,"Достык (эксп.,перев.авто)",10,
1388,710403,"Достык (эксп., перев.)",10,
1389,694906,Екибастуз III,10,3
1390,695006,Майкайын,10,О 3
1391,695010,Токибай (рзд),10,Х
1392,695108,Атыгай,10,О 3
1393,695203,Ушкулын,10,3
1394,695307,Карасор,10,О 3
1395,695400,Калкаман,10,"Б 1,3,8н,10н"
1396,695504,Таскудык,10,О 3
1397,695519,Спутник,10,О
1398,695608,Коктобе,10,О 3
1399,695701,Аксу I,10,"О 3,8н,10н"
1400,695792,Бастау (рзд),10,О
1401,695805,Аксу II,10,Б 3
1402,695812,Курколь (рзд),10,О
1403,695839,Жумыскер (рзд),10,О
1404,695843,Май (рзд),10,О
1405,696009,Жолкудук,10,"Б 1,3,8н,10н"
1406,709317,Жалпак,10,О
1407,709340,Талды,10,О
1408,709603,Чаган,10,О 3
1409,709707,Дегелен,10,Б 3
1410,709800,Куль,10,3
1411,709618,Пост А,10,Х
1412,709622,Пост Левый Иртыш,10,Х
1413,709637,Блок-пост 297 км,10,Х
1414,696032,Путевой пост 434 км,10,Х
1415,696028,Блок-пост № 433,10,Х
1416,696013,Путевой пост 415 км,10,Х
1417,708691,Известковый (рзд),10,Х